scenario_id,enquiry_text,source,surya_label
S001,New website showing flood risk based on current research,reddit,nurture
S002,"How to prove work history without 1099 or w2 for mortgage preapproval? My fiancé and I applied for preapproval, but my fiancé is having trouble with his work history because it was contract remote work in Canada. We live in the USA. I have 2+ years with w2 work, but he has: -1 yr 3 months contract worker 40hrs/week for a company in Canada (previous job) and -1 yr 3 months (current job) Because the contract job was overseas, he doesn’t have a 1099.",reddit,nurture
S003,Why is my property tax way higher than the rest of my city? Any comments or advice greatly appreciated. I just put an offer on a house for 320k. It’s a small townhome area and the houses are 4 years old.,reddit,warm
S004,"Credit has never been frozen, but credit could not be pulled on pre-approval application. Loan officer is stumped as to why. Does anyone have experience with this? My boyfriend and I applied for a pre-approval a couple of weeks ago and our loan officer called and said my boyfriend’s credit was only pulled from Experian but not TransUnion and Equifax, and he told us that typically this is due to credit having been frozen. He told us that my boyfriend has over 12 months of credit history so lack of history shouldn’t be the issue, but in order to get a pre-approval he will need to have credit pulled from at least two of the three bureaus. My boyfriend has never placed a freeze on his credit, so we decided to call the bureaus to see what was going on.",reddit,nurture
S005,"What to ask for in inspection Hi! We are buying a 1998-built home in NC. We offered 7k over asking because it's an extremely hot market here, with a contingency that the seller fix a roof leak and drywall damage that was visibly worsening when we visited the house in the rain.",reddit,Hot
S006,"I bought my home for 290k and I have to sell it for 330k am I going to be taxed? Under two years of living any exceptions? I had a mortgage for 290k what are deductions? I will have selling costs like 6% agent fee, attorney fees and state taxes",reddit,nurture
S007,Here is the market in the heart of Los Angeles. Tell me you can afford this right now. No min price filter.,reddit,low
S008,Credits/Concessions vs. Down Payment % (USA) (Assume conventional USA loan) The lender tells you that you aren't able to take full advantage of the seller concessions because it would result in your not coming to the table with 5% of your own $. Which of the following line items on the closing disclosure count toward that 5% requirement? 1.,reddit,nurture
S009,How does this look for closing costs?,reddit,warm
S010,Buyer certified letter vs underwritten pre-approval? I made an offer on a house and lost because they said the other buyer had underwritten pre-approval. I asked my lender and they said they could send me a buyer certified letter. Is that as strong as having underwritten pre- approval?,reddit,warm
S011,Can anyone help explain this. VA loan.,reddit,nurture
S012,HELOC on primary residence and new purchase mortgage,reddit,hot
S013,"Hi y’all. For some reason I really hate those windows. If I can convince HOA, how much do you think it should cost to cover those windows to make it look like they were never there and install 2 new roof ones? Tia",reddit,low
S014,"Seller trying to back out due to need for second appraisal We we're supposed to close on the 31st (also the settlement date for the contract), however, on the 24th we found out after our lender starting dealing with the title company that the house we're buying was flipped within the 180 day limit and would require a second appraisal. Unfortunately this wasn't anticipated by the sellers (who flip houses for a living) or our realtor leading up to this. Now the sellers are trying to back out of the deal because the closing date needs to be pushed back a week for this second appraisal.",reddit,nurture
S015,"Can I still Back out? (time sensitive) So I started my home search here in New Jersey in November knowing my lease was going to be up at my current apartment in February, everything was going smooth had an offer accepted in December 285K for a 3 Bedroom Single Family House. Got Inspections done Home Inspection/Radon/Septic results come back good on everything the septic though says Passed with concerns the concern being that it's rated for two bedroom not three, I know it's just going to be me and my GF in the house so I was not concerned by this, neither was my realtor nor my mortgage company at the time. moving forward I got a got a call from a competitor to my current mortgage company that offered a much better rate 3.5% instead of 4.125% and 4k less at closing and a little deliberation I decided it didn't make financial sense not to go with them since the other company couldn't match.",reddit,hot 
S016,"Thinking of backing out of a house due to the work required on it. Any advice is appreciated. FTHB here with a house under contract. The house checks all of my boxes for features I want, but the inspection caught some concerning things. For starters, the AC wouldn’t stay on and kept tripping the breaker.",reddit,hot
S017,"First time home buyer in kentucky Hello all, my wife and I are purchasing our first home in kentucky. We made an offer last night and my question is, if my agent has already sent a “offer and sales contract” does that mean our offer was accepted or was it just to be presented to the seller? Thank you all for your time.",reddit,hot
S018,Foreclosure Moratorium Exceptions? Are there any exceptions to the current foreclosure moratorium implemented because of Covid? Fraud perhaps? Or do even people who got their loans through less-than-ideal paperwork get to stay in them for a while until this moratorium is lifted?,reddit,warm
S019,How do I know how much I can afford? Is there a rule of thumb about how much house I can afford? How do I calculate this? Every online calculator gives me something different.,reddit,nurture
S020,"Can a young person move into a 55+ community if they buy it with a parent who doesn’t actually live there? I would like to start by saying I’m a big ole weenie and wouldn’t actually do this, just curious. I noticed everywhere I look to buy a home, the only affordable options are in 55+ communities. Like I’m talking over half off the cost of any other home which really doesn’t seem fair whatsoever.",reddit,low
S021,"given the current economic downturn and changing consumer preferences, how should an urban residential real estate developer adjust their market strategy to mitigate risks and capitalize on emerging opportunities?",zillow,low
S022,"how does the approach to home staging differ when preparing a mid-century modern home for sale versus a victorian-era home, and what specific elements should be emphasized to highlight their unique architectural features?",zillow,nurture
S023,"how would the adoption of stricter green building codes and standards potentially impact the real estate market dynamics, including property values and the cost of new developments?",zillow,nurture
S024,how does a landlord legally adjust the rental amount for a commercial property in a rent-controlled area when the tenant has been consistently late with payments?,zillow,low
S025,how can including a lease guarantor clause in a commercial lease agreement impact the creditworthiness assessment of a startup company looking to rent office space?,zillow,nurture
S026,"in a situation where a rental applicant has a low credit score but meets income requirements, how can a co-signer influence the landlord's decision, and what are the legal implications for the co-signer if the tenant defaults on the lease?",zillow,low
S027,"how does the implementation of rent control laws affect the overall rental market dynamics, especially in high-demand urban areas?",zillow,low
S028,"how can a landlord legally handle a situation where a tenant has repeatedly violated the noise policy, considering fair housing laws and the need for proper documentation?",zillow,low
S029,"given the complexities of closing cost disclosures, how can inaccuracies in the loan estimate form affect the final closing process for a buyer, and what steps should be taken if discrepancies are found?",zillow,nurture
S030,"Hi, I'm looking for some information on neighborhoods with the best libraries. Can you help me with that?",zillow,nurture
S031,"considering the potential legal and financial ramifications, what are the key factors that influence the decision between selling a newly developed commercial property outright versus entering into a long-term lease agreement with a major tenant?",zillow,nurture
S032,"how do balloon mortgages impact an investor's ability to leverage properties in a rapidly appreciating market, and what alternative financing options might mitigate the associated risks?",zillow,low
S033,"in a scenario where an individual is considering renting a property they found online, what are the key steps they should take to verify the legitimacy of the listing and avoid falling victim to a rental scam?",zillow,nurture
S034,how does the implementation of energy efficiency standards in residential buildings impact property values in areas prone to frequent power outages?,zillow,low
S035,"if a neighbor builds a fence that encroaches on your property line and you want to resolve the issue through mediation, what steps should you take to initiate the mediation process and what documents should you prepare to support your claim?",zillow,low
S036,"in the context of a real estate appraisal, how does the condition and efficiency of a home's solar panel system impact its market value, taking into account the maintenance history and potential savings on energy bills?",zillow,nurture
S037,"how can the presence of multiple new luxury apartment complexes within a 5-mile radius of your investment property impact your rental income projections, considering current market saturation and tenant preferences?",zillow,nurture
S038,"in a competitive real estate market with rising interest rates, how can a buyer effectively negotiate a deal to include seller financing, while ensuring the terms are favorable and protecting themselves from potential risks?",zillow,low
S039,how can the thoroughness of due diligence in real estate crowdfunding impact the risk profile and potential returns of a luxury condominium development project in an emerging market?,zillow,low
S040,how do changes in local zoning laws impact the potential for foreign investors to develop commercial real estate projects in a new country?,zillow,low
S041,"Yo! I want to close this property by this month, are you able to help me?",Manual,Hot 
S042,Hey! Just got pre approved for 600K. Can you show me good properties in the surroundings?,Manual,hot 
S043,"Hi, I'm Sarah, I just got my property inspected.Can you help me with the listing?",Manual,hot
S044,"Hey, have a credit score of 750. My landlord has asked me to vaccate the house in a month, can you help me get a new house?",Manual,hot
S045,"Heyya! I just got pre approved for a million dollars. I have a wedding in 3 months and want to finalize a house before that, can you show me your best properties in that range?",Manual,hot 
S046,"Hey! I'm applying for a pre approval, can you help me understand what I should keep in mind?",Manual,warm
S047,Hey! I heard that the HOA at this place is absurdly strict. Is that true?,Manual,nurture
S048,"I'm looking for a house around the area, can you share your suggestions ?",Manual,nurture
S049,Can you tell me which area you have properties in. I'm looking around.,Manual,low
S050,My landlord is creating problems for me can you help me?,Manual,low
